,root_ty,BP_tx,BP_ty,BP_tz,BT_tx,BT_ty,BT_tz,BLN_tx,BLN_ty,BLN_tz,BUN_tx,BUN_ty,BUN_tz,LS_tx,LS_ty,LS_tz,LE_tx,LE_ty,LE_tz,LW_tx,LW_ty,LW_tz,RS_tx,RS_ty,RS_tz,RE_tx,RE_ty,RE_tz,RW_tx,RW_ty,RW_tz,LH_tx,LH_ty,LH_tz,LK_tx,LK_ty,LK_tz,LA_tx,LA_ty,LA_tz,LMrot_tx,LMrot_ty,LMrot_tz,LF_tx,LF_ty,LF_tz,RH_tx,RH_ty,RH_tz,RK_tx,RK_ty,RK_tz,RA_tx,RA_ty,RA_tz,RMrot_tx,RMrot_ty,RMrot_tz,RF_tx,RF_ty,RF_tz,root_Vx,root_Vz,root_Ry,feet_l1,feet_l2,feet_r1,feet_r2
0,553.4884123304205,-0.48099880892015406,630.4437170397673,-8.431325179051408,7.287428995127247,738.7352248351965,6.498708484579929,9.227403474789801,778.3494399173188,-1.7137454982654727,11.270037018112308,800.6814929989062,-17.857064040704014,113.32482016413127,769.3742421362151,-0.8770448821229301,142.64501754839452,645.1845519481208,73.92926227143091,128.21887564396576,548.672258435866,67.24447989897328,-94.87001321455217,787.3246376984116,-2.55044611440802,-136.25965756625786,668.5836488101992,70.2150449469053,-130.80588641403472,573.006234043629,67.734292966291,50.635642006784074,553.5730111161843,-0.8175920937757384,89.5881702719921,331.5474934743061,-38.87036245371406,106.68613178454063,115.20849679363648,33.21054741436242,109.24766886722284,95.31739630566811,15.197514195175351,122.48050557471515,74.64432053026785,-28.578013341706672,-50.6477866336977,553.4038135446493,0.8540948308382104,-75.66874153444064,328.85860605862354,-30.312820464502362,-85.15006756467466,109.45580318589798,33.29728714335779,-89.89327824723739,90.25225115761222,15.226805411296255,-107.51686016552172,71.03903321233874,-27.812989515447985,-0.08452720895153443,-2.4448523169812386,0.00027057039742167666,6.541719818140189e-06,3.2708599090700946e-06,2.6166879272560756e-05,2.6166879272560756e-05
