,root_ty,BP_tx,BP_ty,BP_tz,BT_tx,BT_ty,BT_tz,BLN_tx,BLN_ty,BLN_tz,BUN_tx,BUN_ty,BUN_tz,LS_tx,LS_ty,LS_tz,LE_tx,LE_ty,LE_tz,LW_tx,LW_ty,LW_tz,RS_tx,RS_ty,RS_tz,RE_tx,RE_ty,RE_tz,RW_tx,RW_ty,RW_tz,LH_tx,LH_ty,LH_tz,LK_tx,LK_ty,LK_tz,LA_tx,LA_ty,LA_tz,LMrot_tx,LMrot_ty,LMrot_tz,LF_tx,LF_ty,LF_tz,RH_tx,RH_ty,RH_tz,RK_tx,RK_ty,RK_tz,RA_tx,RA_ty,RA_tz,RMrot_tx,RMrot_ty,RMrot_tz,RF_tx,RF_ty,RF_tz,root_Vx,root_Vz,root_Ry,feet_l1,feet_l2,feet_r1,feet_r2
0,10658.863693136605,80.67321160942062,11035.527268694888,213.74000438229984,945.3760530637245,12052.384560795617,2124.3850451322787,1439.4507306455323,12780.60971357068,2833.680019628439,1803.2737058438383,13212.126603195211,3185.0690825024803,1364.9375799323643,13204.83346187952,2918.976543526485,4512.578257359324,17353.33876013686,7998.409900808432,11887.863855654403,24735.20116095431,16331.063942335335,1665.9207466036332,14264.319852179498,3053.4399345305023,4303.263522702135,18741.34484074841,9113.725283168118,11038.018623453816,25289.14136367559,17744.21636047606,8.818903152028724,10831.023234877095,104.83305198577004,1780.3709522944,11133.12642809964,4454.8992066392975,5005.5369919841305,12238.742557819638,10038.592827909732,5494.358785784874,12351.003892544515,11218.789771839609,6204.443930542095,12333.570049621921,13564.556912370686,8.880160215032902,10552.236082157935,104.94850269617544,1640.448683714896,10782.662998556596,4652.763290765899,4474.980823141163,12530.908484936293,9710.6515016258,5004.9027036699335,12697.11909223732,10881.317276646683,5772.328020087018,12775.66518085877,13134.524986447366,4.387266270305051,22.449995750798234,4.479672630586878e-05,6.54167702404201e-06,3.27084921054555e-06,2.6166194566989893e-05,2.6166194566989893e-05
